rental_id,rent
7428577,1449.5603726859206
7454944,2140.9511296382225
7473595,1476.4535943008136
7490488,2122.52007719044
7460896,3684.3536597969946
7479988,2981.4453819277023
7496308,299.99155205411626
7468621,3746.720911260855
7430797,3393.6546273548315
7440397,4117.441764122183
7460575,3091.0403601919193
7516792,5106.2768365855145
7464880,3376.6888476572553
7461787,2836.725021221032
7444351,5109.359374541303
7438162,5740.932172551281
7519777,2467.2095350257805
7459570,3154.933964379904
7443688,242.5247961211419
7483843,3338.500432696108
7429615,2565.9706680428476
7513213,4223.910107657142
7521061,2433.500392390887
7524166,4305.734862405281
7476664,4682.304636805068
7505905,-306.96048747578834
7471858,3239.753245306341
7438210,2898.8195497497095
7469329,2545.7178407378055
7497715,1587.462760417757
7525612,5895.450984025373
7506082,2883.732060807917
7518844,7013.679207064492
7487068,2228.829485197024
7506070,4280.538783034737
7506982,1897.5214062344592
7525636,3465.4454873834393
7438000,2622.8049228334207
7474420,4914.600476745184
7501327,2390.7385201867537
7511602,3476.8620594146746
7511695,2905.7957843924996
7489489,6581.539199132324
7504576,2373.8808119915875
7473469,3336.594280639159
7440115,3502.197520284173
7488367,1474.5472268761305
7488583,3531.1763910597306
7490770,2424.1417207657832
7485796,5686.531445908179
7453882,15030.507463371752
7511338,3162.095888393842
7477789,2346.7722589401747
7487923,2931.2133410047027
7428727,-361.67203056199696
7450042,2110.25218142467
7467187,916.9895727586469
7506097,2422.358681400642
7491934,2555.175433324934
7525975,1637.9236724594866
7440988,291.2519806372695
7484119,4097.7121527185245
7524019,3803.74656614655
7481239,3353.836342018858
7506925,4169.849688551758
7437361,2573.374147737892
7467931,9472.523591276913
7502617,2889.319666290463
7451377,3087.9856557677945
7466254,6754.8187473568005
7451821,4123.0406162600575
7471615,4452.017097373391
7456258,2832.7077155832862
7498273,1632.2611833237015
7445536,5951.52802811726
7456645,3371.066742465843
7457617,1782.1668303426404
7461331,3429.0184822215406
7497193,2399.092637485606
7486321,-366.51475252164926
7517539,1807.3829540117715
7493233,1480.4329193469557
7461916,3160.426235434733
7446025,2722.7473383128577
7483837,2790.2123852493683
7494448,831.8339697357028
7439092,2590.432699629801
7517530,3424.9612908104427
7500637,2515.397692181974
7463473,7375.365013390055
7503820,2121.466502853048
7524190,2013.3212460720338
7459609,3598.457339945407
7479592,2092.4099143418243
7474213,1561.611415677187
7499800,236.25522843545212
7516108,1738.4897229349813
7468903,2881.501568926926
7486561,3581.0125054907676
7473241,1829.0631158023605
7475488,5169.276100903914
7474624,1563.7489016341178
7503712,299.99170837924214
7495702,2401.3414948706586
7468450,5757.239283428
7483867,3753.494931556385
7441468,6082.178093395919
7502176,241.93227325173012
7517236,4134.204797750448
7485220,2575.4617271837446
7462309,3124.8351831233485
7430926,6870.634369604965
7490167,2883.7345892597755
7523230,3007.1934385339714
7505536,1261.2545432802008
7504156,1579.9032202584292
7510546,1499.0868607448658
7428880,2110.30470368461
7444117,2591.5255613985514
7491079,2809.9121364594967
7457983,1632.2653800813052
7503160,7277.453387938419
7485004,2635.17292386615
7440010,1831.6634227838442
7498330,2501.0707517283463
7506850,2638.4999406447155
7467988,1229.3861179138037
7498228,3411.9155834344124
7521424,1972.4950596008462
7478776,16117.139751513489
7521232,1775.8907567029828
7506694,1266.2137799015445
7483258,2542.420738675651
7455172,2935.3524952484863
7428247,6471.30613902036
7429606,7548.962647856197
7499368,3592.5784643556162
7485442,4231.128389129428
7449307,1471.746516158878
7495336,914.1902201614107
7489342,2767.829812157536
7506037,2300.6077762703085
7441156,4114.994563071954
7469758,1654.4347533557989
7525351,2317.432405432424
7454731,7106.245357277573
7480498,2035.9809074146908
7513975,1685.5585001191293
7456432,2900.023883885108
7468624,4160.392640853783
7500886,2102.97506203626
7517695,2563.5573868848687
7436128,1982.5873119073822
7442881,308.18528849080934
7464016,2205.04736456718
7436413,9653.094935124402
7497094,3745.6053765660586
7524859,5286.375728656128
7466182,2157.5754128192457
7517596,3035.5978083572604
7431175,2493.9359252380214
7428631,3727.3435650058495
7429102,7433.489535929995
7459060,4925.66333269801
7505986,8911.115759376971
7460566,852.6317323369012
7525252,2882.2541465679365
7430389,4459.4505807903815
7477387,808.5688811275666
7454431,3730.8154998980103
7523605,1253.5344809926808
7431205,1961.3792956123002
7497907,2238.274381759102
7519738,7576.332966240574
7481059,1314.7351258606213
7465300,3022.6756958278197
7521154,2092.3765818654483
7480990,1495.7305606371983
7469551,2499.4481176652307
7484389,2620.689958568828
7485268,1097.007847289833
7490743,11446.288702277827
7480630,11201.712179241516
7505626,4376.7164793826705
7477417,4791.36971416558
7486360,3062.7045336428982
7501990,3642.866525696764
7444468,1878.6806413550469
7473592,4378.778749834249
7444156,2900.4130700843866
7514584,2497.487697669225
7500697,2900.291445624014
7482568,3162.9576459834434
7511554,3924.993521344039
7459579,6547.481375919516
7440304,6745.750471976189
7489840,4124.452156278266
7467715,1152.9034246410336
7481275,4651.736254564193
7451527,1309.2292735456617
7434337,1809.0600774566096
7446280,3030.842933677222
7432927,4466.731643291939
7520536,4058.701398680516
7489237,2667.2962766212668
7430860,4311.419322480966
7484665,6369.200338301545
7463815,5452.066224059377
7515901,7257.638656762572
7468609,13441.291833332303
7484875,1961.3826984581935
7466260,3190.4640218427726
7506643,2746.5977851941316
7511620,3967.43679186316
7481272,2555.7729717388074
7491985,1888.7205822776416
7433899,6237.610849300665
7496254,1433.7164562831376
7504741,2882.5654205090013
7463818,3628.7430951323013
7492828,3419.0689340931326
7523680,6668.417372158233
7480429,2439.753021546544
7496350,7641.775729811332
7526059,3857.749784872398
7430443,250.0887188697565
7438393,1452.258390164832
7464805,14987.059774066838
7437700,260.6272690299829
7519870,4684.36325399846
7472683,3073.3014803142273
7438453,3566.237406359655
7465738,1848.1797982125488
7521610,863.2279487157125
7451200,-350.85586084359136
7476145,2735.3419692934967
7430365,4611.326487984197
7501573,6626.452435961859
7516123,4272.81423510215
7487263,2715.4293195451605
7510885,1927.3509329451228
7523347,2887.9833957747396
7501813,1781.4920396238854
7506715,2502.5827799155677
7434343,1471.0448603783457
7469653,1465.4656364555276
7443052,5276.160001569315
7506202,4156.888999352476
7430794,4123.239339454323
7491883,4119.178431737507
7453213,2368.15340373938
7430731,2660.7186778378314
7451905,3876.4546828758753
7490137,3407.4873015261187
7521421,2899.6862162615744
7488496,3313.8090483815213
7481809,4929.301190235328
7448449,4200.737049271735
7465618,8127.503574171506
7512412,240.78250003298604
7524505,2030.0221876421533
7495768,3197.4739399225086
7453684,8900.859882069035
7469908,4436.2455765854165
7469104,2936.9495974335287
7443169,5791.1716687185635
7488802,10044.392350940405
7444357,550.3290558696557
7506523,6039.828290601337
7455640,2295.408582093066
7459246,4151.681290489272
7441621,2899.7304132570302
7491427,4653.414689630252
7448578,2938.8891078584247
7491358,3846.039362148175
7445896,4400.425032352012
7483549,11427.007456615
7485187,1637.6725736374383
7434931,2363.933776925218
7508467,2993.963199499728
7458007,753.5925013903297
7518313,2346.7985535731586
7466752,2957.299289950421
7447399,3175.148890689341
7486099,2643.205510573219
7467226,4110.381725706662
7441057,1471.2174632611423
7479199,1700.3562320971619
7432009,12067.029569260132
7449097,2714.075735683509
7503670,244.17696245461536
7506463,3886.5904026552817
7506022,3648.073193041334
7462528,3956.9112411731962
7523482,2774.039279147656
7479346,2791.7628164003363
7451539,9859.232219542242
7504639,4327.5808479384505
7453471,3438.4480867861607
7516201,5986.5518701905485
7511563,3967.4353917888616
7516087,3828.3351200193074
7438609,-356.22939012916856
7509514,3260.897464379219
7457035,1586.927054185583
7502713,5395.845146665387
7436626,2894.9680740867707
7451545,6217.140589473957
7512487,6473.551023244441
7455064,3929.929311526035
7503673,4710.184084392689
7437424,6830.879785810871
7503118,1086.1668126297002
7455013,1886.9939810974881
7453801,3098.171522970304
7467190,916.9895727586469
7489513,2635.2079998356744
7481515,3420.817833540537
7504852,2882.5325346805007
7503688,4032.270934979766
7471930,2445.488902762856
7492540,3031.5049265890107
7446763,3189.610784184105
7451242,3741.6969234983294
7440916,6706.097051668254
7499485,1777.2670355334424
7498807,235.78814445707962
7488217,2991.4557119558704
7450612,4029.429340229279
7505485,2478.04808298404
7441717,4653.397494555949
7447960,6458.64673769589
7446898,4668.918847253455
7509763,6047.990254417251
7506418,2900.2806623041097
7481398,2099.568360683392
7494310,7091.780542360605
7428484,2895.5989966830984
7485229,2802.3881569378996
7492177,4129.965330073528
7434235,5683.044557500268
7481242,2343.513400384409
7465231,7326.023194701104
7455649,3808.6509700066135
7430899,5051.348989182045
7499911,3109.777022665388
7495720,239.06031965018002
7462798,2497.5385962286036
7468360,2629.426712328813
7453732,2010.7793025668918
7505185,2630.64465373569
7492786,4142.612447123294
7495537,900.1546385692078
7475926,2375.354837007574
7482049,5004.045051406808
7458076,3658.276925583869
7518433,3852.0334021838553
7463215,4143.315441927027
7495039,2796.151440894888
7442767,2299.461120671603
7503790,4636.4043858646255
7462387,2795.0488594150206
7506670,7052.764929926043
7483903,1309.3025050421184
7440307,5077.971108416487
7499572,4122.600977215475
7438501,3860.709292394443
7435969,7322.326621408051
7451860,3658.740122716568
7487680,3330.3160783610806
7475611,7284.453416183596
7513045,2092.4828130105507
7458271,1337.9133305371997
7507129,2858.486382361837
7487587,7022.371938500196
7517776,2879.10670941506
7520698,3475.6426135638176
7482925,3407.1914390101833
7450108,1477.7431078380853
7495330,1095.9021593277757
7482664,3676.5316240270818
7495843,1234.8081521429206
7484461,3160.4326177870516
7525231,2898.8012909571667
7466548,2907.954691261692
7524079,2896.658485044141
7485391,1367.0763064582802
7489366,3552.1354480012983
7483321,4108.316241736076
7438264,3845.7394709542896
7505830,4050.063592286065
7444573,2280.2906939513136
7438693,2832.5048504613587
7441861,2442.1603676654795
7431412,2966.597929523425
7476130,3592.381112328624
7505080,2292.6990569931695
7459855,4236.462475606421
7490368,3635.0879484845264
7441873,3632.931159980848
7461049,8783.026390014282
7436494,2283.858900393002
7451128,4696.388666332519
7494022,1471.5685385709323
7494850,2664.4860256898096
7469671,3428.681134855593
7503325,5670.249150702257
7490560,794.0894526807069
7506628,3904.3380760756563
7524448,2535.421202496816
7458874,2553.661384192113
7503196,2646.477627349906
7441354,4648.890928415433
7441531,5259.429513753115
7474801,3183.955947177463
7431943,2231.717519574847
7479529,4551.2407676013945
7442212,3714.900008984476
7465861,2289.7621224494083
7469461,4512.153744834302
7450090,1471.214912318097
7463833,4525.258742616565
7516711,4368.236230967513
7474546,2860.3160594811325
7518256,2504.767329658874
7432630,2105.6772042017055
7465411,4973.234622539206
7453057,2179.3904698148217
7437649,3213.9567885417655
7437931,5525.387634007329
7298476,2984.0374284516342
7466725,2934.620384462951
7431604,3597.9707051301903
7478692,3264.160180774806
7494874,11103.750419890494
7482454,3571.003188300326
7475650,11001.917808907405
7470991,1626.8135615097453
7431661,3327.453901198025
7480114,3479.1711069361318
7485472,6909.501565870007
7430785,4170.096100699224
7516417,3994.7565732436556
7483036,4028.7548297149015
7518025,1429.2249928762915
7467679,3421.2830075049524
7511302,1782.409964066478
7495759,4233.563865377424
7438309,3869.1012603897157
7501108,1806.8842282504947
7466134,2030.0075040204454
7446985,4747.580392085411
7508881,5241.341573052466
7463566,248.73337022153797
7445395,2560.6036814240124
7460221,3151.330202233353
7509889,2712.0307113123927
7456264,5528.470976759264
7437478,2900.5788147043995
7520158,3959.8679850873145
7461613,5039.6838483281435
7502317,2495.1502221600176
7437094,2877.0974928100304
7484572,4894.708411001396
7449859,253.7761622944782
7502923,4459.4505807903815
7445047,1561.6592441629084
7478701,4374.680150670769
7471828,2104.501326975632
7508383,2884.236255222735
7488553,3056.7388745963403
7457866,1449.9687474485609
7443562,2542.310201589488
7508233,1715.1971839854625
7432651,2490.2222713611827
7437823,1799.7779449085508
7481053,2900.352125486204
7488424,5534.633012716871
7494367,4414.441297094048
7510942,1815.955570173129
7472830,2448.6772014396674
7489654,2798.7063947751994
7479892,9143.633812667751
7496686,2954.0993281636024
7464052,4646.0713711778035
7431970,3513.2000488308186
7474489,5693.131662536853
7431262,2542.2053643226327
7482400,6581.539199132324
7443913,1465.7034504604799
7454446,3893.8763591173692
7524568,2898.8082963793427
7488040,3640.441106430981
7441543,1845.124891059426
7510087,1107.5817960394982
7431532,3978.6177050717033
7447099,2295.429890547768
7500835,1853.1927836301397
7497013,10339.909194040101
7502644,248.1106206875159
7502803,1505.0854808191916
7497628,3060.0393775715447
7509799,2895.8005625872747
7490476,7375.57761403282
7453006,5532.86097610042
7474171,3363.310915183905
7520497,2271.9359929048105
7431895,10074.137869062597
7465762,2636.0559837333217
7472821,2760.794294380319
7461832,250.85537830847767
7492915,2897.7947041846865
7431832,4972.465848348212
7460629,3941.751242035808
7437616,2789.1322676407617
7517854,3966.4829708198
7498297,831.8395301032339
7524616,4361.708297872046
7483798,4220.2408545062935
7487173,1794.8398015211283
7457623,6347.698435089701
7467712,3192.0929121856593
7524154,4839.26363528909
7464856,264.81772338933865
7450003,3724.06380560275
7459888,4132.671116607435
7513705,1475.1690675999873
7483189,4126.005154251685
7450831,264.3885774594826
7488343,2413.064466752686
7513033,2887.5540750912915
7443775,2030.2954183170386
7465807,1799.6491332567682
7459699,4172.455467242531
7488766,2730.65665940534
7499272,3387.7709343143515
7512205,3252.9596548791014
7511704,2882.230883470575
7475419,2707.0726276431833
7430659,5930.1929994762495
7488436,2667.6316849637174
7455118,3478.0138464835113
7508413,3198.5806397550086
7488712,3465.1356345799613
7513663,832.4973685966165
7451935,3785.2929334236296
7450066,2232.155608304134
7487524,723.0774907269471
7470241,2368.2944194548663
7489987,1860.9869605482254
7508275,3871.9468864832243
7435963,6279.066852973427
7464331,1622.602882273414
7452970,4331.351909960769
7435009,2014.5470282125589
7455208,3085.495036168369
7503340,5470.136225936704
7489150,1309.0362829083292
7517791,2369.875197909747
7454344,4048.3511417444333
7436206,2417.087917762352
7455316,2558.368787501781
7496965,4656.1902209192485
7484992,1476.6420352391747
7525333,278.78201212862666
7526398,8329.545916247762
7494220,2540.1740365100295
7454044,253.76414766700063
7448725,2342.2473457401284
7469815,3343.356879687264
7487419,3968.8099188406695
7499857,693.2002851253617
7433902,6942.985128200443
7449094,8912.581158843052
7481782,1480.5443027397714
7433338,2570.6953496454794
7505899,3465.4454873834393
7491745,3205.917071195153
7456171,4692.870460167734
7464358,3699.3811359832193
7511203,3334.6503157626958
7453843,1574.0523310544627
7457971,2359.289598637549
7460386,2370.2248407041384
7434454,3333.0475718928224
7526455,3255.512187470791
7434997,2129.125365469167
7463929,193.6943878197893
7469284,1563.7732258641536
7514968,2933.6474623336912
7502809,1471.2110020302266
7448119,232.25923545013552
7506568,4472.7758860894455
7513207,4496.893032023814
7443994,5252.3115368926865
7503154,2924.220409919108
7502134,233.7707108799762
7429066,4459.011520960397
7517113,16217.744378524665
7525606,4348.145534822534
7503826,1801.9042483950882
7481380,1468.685845984834
7514311,1977.1184912207132
7511095,7012.224770663229
7494559,2900.705947184429
7479478,2894.371639571259
7460905,3473.7094211483345
7490032,1908.6124721981382
7446121,8865.61104318604
7517851,2449.8520204866136
7489849,6009.886358788262
7517920,10774.608683016191
7469107,4756.903904185393
7488700,2557.6924882414364
7470010,3571.88804674414
7508464,2328.375993552133
7436320,4651.738098490475
7462516,6225.238531617135
7519483,2309.442974204555
7474372,2935.1787695452936
7509484,6215.1086044892145
7449409,2700.414180149638
7479307,3142.311877469658
7512970,2759.0536989476936
7455718,4516.014825030101
7495477,1966.1537347369658
7444066,1976.125626235401
7432948,1497.0870511631363
7473829,4454.128213719406
7507822,2930.7757825695776
7506841,-75.69730903776815
7464010,3582.542705195895
7510516,1743.3897559644233
7502878,3621.3058107051115
7430344,2894.2117420644117
7451071,1470.981225677169
7495351,5128.1428851261135
7473205,2540.027200287176
7456828,4429.9668026229865
7525948,1832.0727885347953
7434664,2399.0081452313884
7458628,2634.3230965724665
7442302,2533.128271907034
7437409,4067.391416048975
7509910,5187.612052795657
7464316,2235.4364924814267
7476328,4184.537251674383
7498618,2654.472132855688
7477681,2797.633317092473
7447999,4306.634012096535
7488613,5571.936472569516
7464937,3428.886100671958
7442950,4789.65604421415
7526164,4507.64821985197
7460059,1794.9513315372928
7481872,1109.4516058107804
7451911,3906.4740206057104
7431586,3162.095888393842
7466263,6841.92524705873
7437430,6886.289255547578
7428493,4386.088292053859
7469716,233.8851994443981
7475278,4337.483294012196
7500706,3274.462242027249
7471621,5064.872022914811
7514326,6393.207073460856
7436317,4985.3669786005985
7473850,3775.768126312743
7448644,3429.1623703947635
7471735,4193.872886700787
7480759,3678.830730348902
7499509,2903.1585290263774
7457200,6627.2811709186
7489336,6667.412669948984
7433680,4122.18452507939
7514923,2152.0605451798874
7443076,3067.1257045819057
7446193,1453.4019771042767
7496026,1471.189605892967
7501915,4972.910629055866
7493797,4308.4743614646995
7460512,2746.406195234139
7495612,4062.381167005956
7439284,3334.9035634398915
7511656,3924.98698766398
7439332,2157.195993596808
7459297,916.9895727586469
7487509,2843.7828776647
7503007,3582.5211696768506
7508722,3579.6341590792917
7487200,3176.1478992308234
7439572,7057.619890347392
7490041,3603.8403913360307
7484677,2435.4295621402243
7464898,2041.050268760154
7468753,1168.5666326489652
7466311,1632.2611833237015
7451239,5480.149042176988
7514272,3264.160180774806
7474990,1202.0963929240445
7492450,2592.6979287290055
7439191,2364.50530982868
7479742,2800.1053559109446
7428667,3056.9446099828215
7456336,2886.8415284826037
7436776,1471.2209043270832
7525033,2502.613175336972
7451392,3183.955947177463
7494196,2899.928005055505
7501267,3164.667987196916
7479151,2279.8384744721625
7481236,3327.667808792578
7493104,1472.802940847173
7480957,3275.437189316338
7483960,2110.194578968261
7439215,1420.358496327548
7506133,4123.066803787068
7511851,2946.0522275631192
7470196,1901.8158185366733
7479850,2440.762944941799
7521985,7236.372489655506
7472722,3965.2842531088395
7428790,5185.3608250497
7454113,6595.121696551723
7437301,3181.8403223266155
7428718,3164.374593924946
7447792,10275.715463097953
7505071,3090.533494620536
7436692,1228.6847589578642
7473661,2558.0130315228234
7507096,3183.955947177463
7449217,2137.703117269627
7457209,843.1777805119036
7477675,2797.012545007897
7461907,2223.9538315960654
7471456,9382.84861419527
7514680,4246.412775546731
7460131,9990.071272112957
7438990,2560.014173835511
7481143,3855.7399207808744
7517230,4128.282576699693
7522882,1308.437139087584
7494493,2918.6560096771022
7436539,3444.068965491572
7458742,246.044560345623
7495975,1097.007847289833
7471558,5142.585563989845
7490278,3799.485418170388
7509847,5477.052429249841
7444282,3636.1330777591306
7472158,3912.588349101702
7517383,2889.0670650306092
7439446,2986.452997748187
7505236,2798.8045394927144
7515946,3389.5177599156555
7490518,1825.8871910137107
7498633,4918.43602786094
7492513,5128.1428851261135
7504414,2244.4760244650806
7517992,3623.76009887076
7460782,2225.043644378682
7483453,3034.8572457682594
7456657,2356.5700280262386
7444918,231.76298933340695
7454584,2083.8842917693582
7498222,2521.162652328967
7469065,2767.685965734508
7492093,234.66100737346835
7437673,1838.9944263716252
7494295,3198.1109814602505
7466065,3663.353629199439
7434916,1471.2319012897744
7495621,9766.624409409851
7455538,1774.448495070117
7458337,2516.849912875191
7503040,1971.978755246738
7483762,5706.733199769232
7514833,3659.0564579804686
7525966,3157.943716717257
7516093,2569.6015566874685
7483975,2960.3313134274918
7509619,4756.226927266921
7481215,3917.3964895810127
7466656,1627.0698978894434
7511098,1965.809418050656
7461190,4365.463826250745
7450963,4878.398723114577
7526080,4058.4603192036143
7469845,4348.308677759843
7490203,3405.830028456955
7438792,4151.681290489272
7497367,2789.1634956079206
7512196,4200.2061403519765
7497751,3605.588804084654
7449499,2397.881463979883
7464883,6723.41624901514
7458550,3792.2992274802723
7474684,2798.6262481864565
7495996,2104.8687405508545
7468909,5034.426136043375
7444867,3210.8730554048343
7504729,2549.5609463705705
7460506,2898.4591494147594
7429426,4065.3253707822428
7443919,7107.540589394251
7502026,2062.5546764404694
7454080,241.89975455352413
7507282,7365.670298866476
7469314,1474.753920204134
7457614,3060.813591984695
7508032,5204.791527089846
7481227,2656.230858380074
7508851,2786.9005020105847
7487347,4533.251495965695
7456630,299.99139572899037
7498663,5037.172939583943
7480618,3340.2293203471645
7429972,5001.148303844599
7437943,11399.450603931313
7490734,258.78316345644487
7482613,2890.8803408865333
7500235,5983.101201537427
7476610,1570.111055995805
7439746,1465.7534875053025
7510735,2894.3280624073495
7519882,3846.755876475371
7491223,2626.325321702915
7512679,4807.809481140214
7486942,2235.5663109211337
7484896,2767.771368432199
7510123,2824.5266859613394
7455007,2375.160202195692
7489768,3101.0479280719405
7525747,2891.071462460877
7429015,2598.3443862993827
7430764,3998.8446411261434
7503412,4475.111824992708
7500541,3951.4663245334
7456339,2886.8415284826037
7435015,3303.6099840489082
7455166,7583.823606125043
7456543,4524.778584676591
7441159,1127.257140267695
7517794,4664.995117125883
7485424,4104.157938856434
7515094,2876.6702212430705
7498522,2024.5711969892507
7459639,4180.247075200676
7504315,4611.4316620311065
7494760,1177.7418132931684
7430089,4910.800739016026
7518544,2173.687589662165
7467439,-356.16338242981544
7451143,1234.860179058088
7432141,1508.198031566114
7492378,4260.655250847078
7438795,4151.681290489272
7513891,244.35660789651382
7511347,2101.2663232974014
7430989,6976.402062587746
7460971,7036.3334915081905
7520011,7779.3358896413165
7493224,2428.0169833660148
7511629,3498.078483286569
7450531,2098.8840419033445
7479322,4955.896094912937
7451179,2399.2890718114327
7522552,3595.887137178458
7454362,3290.117937210601
7511557,3498.0808167437326
7447354,3652.751208391423
7457428,4419.097821490172
7464889,4174.041349492843
7432765,3956.730184427255
7430854,4326.886838964444
7452751,7246.5169796375285
7459078,4154.681827931377
7512829,967.5473851128785
7522702,3692.4274990585327
7463866,3580.789047567325
7440331,3707.375975743722
7498888,6888.948416406824
7480627,4233.413116215603
7515907,4137.569038008467
7465435,3479.5155124729595
7506646,1471.0332427304063
7470235,2900.6706881547834
7469488,4189.179227256924
7430830,7773.731353131146
7504717,1511.338326314879
7469722,2104.822516922395
7469332,2558.9765500196304
7517701,2532.0508398902593
7452355,240.7838917328197
7503025,1471.0154238782302
7467328,3857.731306506607
7479166,3995.611908600954
7459486,5853.861342435317
7429111,6801.090264371972
7487824,8009.873074138379
7463689,2550.38000740855
7509754,4122.924829627957
7501180,4629.1611606415145
7503850,2743.4635932967717
7430470,2097.7942870109887
7510387,7819.057084023768
7482457,241.00197916054765
7439626,6595.444526884608
7434409,2361.0442037560206
7461541,4213.380880095079
7511614,3590.111183108025
7483525,6488.118808717161
7469944,3966.129280839373
7511467,3428.6157292286443
7508698,2271.440248250574
7519993,5148.007826264811
7478749,3895.0930254014334
7430686,2933.824730484621
7430971,2793.605449029392
7442158,3804.402660478194
7450882,2678.149747322656
7435054,646.3748004465359
7442464,1455.1119078570887
7492996,3521.1385094644575
7432534,4786.583575764739
7449877,3309.6451526122546
7460770,2224.618611000061
7452097,3016.145728173818
7435966,8126.521818015948
7523701,2635.24283862441
7465444,3375.9469217483097
7482493,3034.544344427596
7492549,3966.204829949055
7486486,4011.2823543890618
7495918,3639.1742029115003
7444276,5777.385444014191
7449127,6708.448095014031
7468873,4506.126807498489
7441117,3429.131639382971
7495129,3410.013263157822
7483741,3186.893842585762
7430983,3645.83211653337
7445218,1720.2472052806634
7446415,2501.935998192813
7438072,1475.4508667206896
7489114,4256.26531829216
7485181,230.8311437990883
7518994,1298.5850373220765
7490344,2437.3138654158556
7478002,2765.9240051018282
7446625,20316.46219490431
7470298,3816.4056999347704
7515052,2640.325219275557
7512637,6542.906408810974
7481593,3889.0217997542495
7481761,4579.489581963544
7485370,4171.266002151266
7521376,4074.2666838743107
7500277,3329.141329232858
7476769,9737.241996796263
7526038,4365.080600512819
7438015,2755.058081781537
7466764,2560.4009274611685
7437820,2571.4716359703107
7485433,13119.483219360125
7506100,5100.285311276595
7517542,3019.582587779264
7499830,2849.570831564248
7506787,244.17696245461536
7438102,2898.1776957614975
7509658,6958.719799727203
7457230,3173.51944439152
7457911,3465.383612311944
7438486,2560.3864945920454
7454089,2115.2257309154647
7440022,4527.971554727707
7475878,6566.406123963244
7444441,2957.809383819462
7442245,2929.812118344998
7455523,1627.0894820796893
7466113,2289.973791893989
7447282,1991.5855742005908
7480873,2448.3593130009763
7513309,2104.857041382646
7520560,8107.621730353043
7459207,1374.8252759608426
7452934,7964.965610192491
7479442,2996.6149413560934
7479841,5520.438227758824
7522423,715.3315361290933
7495993,2805.914287120893
7525783,9887.699790959552
7470685,3467.054610150773
7495576,4264.974968541286
7519261,5453.112220915655
7487095,7961.863803127753
7525654,10069.602181202157
7462306,3424.776882322993
7500253,18066.94836332069
7521418,10195.16101846538
7522762,2360.8565815421443
7455154,3063.303646267606
7493920,6272.4481718719735
7492216,3819.7076994132917
7481644,1027.77972250136
7442209,6118.016048896213
7524031,9706.177452041124
7436758,4243.1048275776175
7501582,6300.380532056783
7499233,3728.550056729628
7511578,3967.433836150752
7506409,3587.1448738896497
7513459,3857.8630062770644
7470706,2251.651670332987
7477069,6544.241038609919
7473055,1972.0921060352832
7494853,1841.2775540340958
7478425,2854.757439547187
7443874,4334.333010199607
7481113,6676.797522049492
7446409,2933.9421007811075
7507483,4866.250504946852
7494466,4380.733277754634
7504384,4204.866338390057
7469431,1857.345891553948
7486495,2539.1443638050005
7482826,4091.8373519455304
7439845,3863.549964112589
7453606,4192.340090176114
7481317,10419.474424702406
7463485,4041.789122178702
7478449,1078.1891259245094
7471954,2832.7077155832862
7513714,4557.8357642125175
7488667,3067.1308009471163
7442725,265.6907792489759
7516819,2969.3652205805574
7446106,1292.162506623802
7470688,3334.4675173325268
7500595,3837.322260469034
7491649,1808.0854750893168
7514458,6444.112896781195
7452808,1716.8538955235908
7475587,3860.795931401722
7502350,2848.8582891094557
7495288,1927.3509329451228
7433377,2301.1337605262115
7499872,2748.662666151385
7430935,3181.451382943553
7499434,2942.052325094205
7434697,6773.571519596814
7521037,4002.987720993762
7520626,2530.578457663116
7508818,3787.3709212000044
7458823,1566.3368543461283
7492954,2241.713409343708
7458718,4302.227200593462
7458247,4883.402977819413
7511551,3924.99367690785
7462855,7106.992271698567
7455400,2961.9735199629486
7499416,3835.6084076675907
7482079,6716.184518867145
7492501,3732.624672704288
7503430,1464.8916540315936
7430857,4371.966450522648
7503901,3230.5905855327596
7428901,2094.0663221546242
7505317,3974.701281350623
7516309,6510.250683240751
7521301,4698.977070684349
7457332,10993.847788813418
7431436,1570.111055995805
7521898,4487.425621414437
7453324,1959.4444253635684
7428472,3470.7490014634645
7491343,2504.6140336955987
7526401,2995.969030670972
7461118,1172.3824526977612
7503472,2832.997949691961
7514617,2663.2668292657154
7436449,2208.458704881844
7467850,4468.506634012424
7470505,3451.8481531829734
7487020,1959.4444253635684
7512790,2253.372008199955
7521523,3830.8701392214293
7438645,2598.4934540528807
7490323,8258.482449221163
7486879,3395.679291471729
7456663,2285.3026353535306
7510990,2941.711896551979
7495309,2092.4671277084744
7445653,1835.5882757989234
7479544,7420.4559673988
7525390,3460.120351559611
7466998,3465.1356345799613
7500106,3466.834809251273
7430329,2916.540880792087
7459477,5120.213500418457
7499719,2634.3119251754797
7518784,4984.957155076105
7445014,3380.5177358387446
7442641,895.0228589886487
7455871,3429.839309946972
7504534,4656.893232132448
7467232,4110.381725706662
7461457,4122.601124824852
7479208,2680.8849427264095
7500274,3197.3677759192224
7517041,300.1944680394953
7519480,4126.868336157762
7493023,4594.285907011891
7448548,3597.934205426709
7505941,1361.9797542304564
7440610,2439.1366513529338
7512748,1697.1567519674416
7460362,2122.4578147550656
7455934,2250.9104973205094
7473352,7675.160234754459
7461976,2802.5264730810304
7453597,6565.102377434155
7469770,4350.801968931639
7483225,4501.063388768124
7499611,4460.954134135716
7519849,1851.4328340247243
7518598,4382.616662973038
7459393,258.78316345644487
7494001,6102.770692976819
7488439,2766.2671066289554
7431166,4241.45923474058
7459408,4116.605270647918
7481074,3978.5521551486836
7464265,2775.4502444239897
7507906,4417.108020372608
7474969,5382.828964701083
7485859,4371.462388397233
7452238,4968.847582126491
7435537,1475.2237673570996
7478794,3816.6058745332816
7484740,4473.598156245205
7433422,-400.5519698702584
7454242,5784.240825271772
7480063,3995.2285209637416
7470730,1817.0379880485991
7501762,4376.379510607637
7456909,3395.319347510432
7437919,2368.2944194548663
7518166,1897.4539559341026
7432408,5070.04386535842
7513159,5450.419914880294
7495807,4555.43223368471
7476121,1983.5275565085037
7437838,1843.128863228691
7482211,1486.6232611787177
7446298,2608.14081947414
7431898,4459.124280801025
7478983,832.4973685966165
7487656,2556.0244402504327
7480492,3462.51304666486
7508500,2363.01239319698
7459810,4451.393714904621
7467100,2643.619197206638
7454050,4527.971554727707
7476661,5656.451043195133
7511659,3967.421079918256
7492324,4400.508955156394
7492051,2321.4456994612956
7504225,3893.2480517662343
7446370,9802.231932975166
7431325,5509.961725788506
7483915,2500.6382291796017
7516801,3378.834380574534
7506817,6737.792667852127
7495882,2507.4948612808084
7523446,2162.0484691576175
7455199,8868.653054629238
7431109,2799.570171305001
7479763,2800.1053559109446
7472797,10816.560165702358
7431010,3129.238553042129
7497763,4247.865274924795
7457461,4363.467882358271
7459180,2613.40112125863
7503736,3065.1349597688445
7495678,3430.71242631205
7430914,7220.317619566863
7469179,5017.325836049827
7514440,1902.8467592739298
7469650,3426.1489338602582
7444693,229.9255424726008
7435288,2364.3992055004073
7482289,1407.602536138269
7513249,6216.487905018425
7445764,4082.0658583540358
7429171,-377.19931078095897
7464781,1367.024423601204
7456897,1474.4278658230241
7491571,1501.4975586523624
7462882,3325.0401929281375
7470166,1770.5909034779193
7459471,2725.8553005851695
7454098,3629.65965257131
7431403,2640.662979105576
7468186,3518.669501838367
7488499,4386.069902880466
7478905,2794.706427885136
7522981,1781.4973824722626
7446295,2608.14081947414
7471000,2243.1307417423395
7440298,5285.819357393511
7522603,4558.275647112625
7454311,5783.651412675469
7449037,4525.879960524494
7487077,2882.2541465679365
7458523,2903.611851442739
7468510,3319.0382423748524
7430947,4183.8096324285525
7507831,1478.1635879489793
7444531,4314.376078697029
7496827,2639.3932760226858
7525651,7483.537627410676
7523746,3191.2101706727262
7459813,6648.8387295505045
7482808,1761.9903058980358
7463449,2900.8814110968747
7456798,3166.9203923813643
7499578,2903.677481666682
7468504,3600.0484107469056
7447861,4578.542848593479
7443784,7370.213437278921
7481617,1365.3196995092742
7486642,4973.565652183197
7521283,3342.265247644996
7445491,2103.0434176718545
7490359,4066.9031402223563
7487743,246.95046317707613
7491760,3153.166147549083
7484698,2763.2135705509777
7482751,6159.066274337966
7490986,4192.282171089246
7516144,3882.3141176706763
7442653,895.0227041861526
7513795,2766.3063843492337
7512220,6130.967318515136
7480885,5685.0081448827905
7520416,3719.044754800546
7496842,1779.1300782912547
7525303,2484.8101011442204
7497046,1250.8403973536438
7477873,7423.177199613152
7478152,2784.7113755932214
7431352,5714.414753987631
7430161,5289.074247927216
7474105,2903.8653752360133
7455244,4878.398723114577
7506940,3412.5939666617464
7517206,4090.623078270026
7438369,4120.151347734096
7434460,2114.142742052876
7457731,3457.0008356628664
7512244,1272.8051859712473
7449577,2103.9104292675556
7484179,3259.4791304163377
7490287,6575.650583482137
7498318,3938.2572343357656
7447273,2908.788130059182
7514875,3572.9812809898935
7513354,1475.958892418898
7430755,9449.43697086026
7469404,2877.149615916616
7449769,2879.4025475727017
7508752,2292.345949962323
7467925,2905.5317404196876
7488676,2469.9663909065894
7516750,6932.469614416308
7434943,3429.4704121135446
7523395,4780.5823529071895
7473832,3696.8097493100395
7475215,3961.3976396424646
7467760,4193.091063125486
7510654,1949.6235111696901
7482541,2289.771854484423
7503910,3222.635359963665
7468489,1459.4641908659407
7513363,1792.22999678594
7476547,3481.539612676069
7435861,3230.5905855327596
7441888,4656.894923540179
7505557,3200.380091704003
7485466,3433.701010225845
7446436,6927.363921313095
7476409,2625.695988217106
7449772,2879.4025475727017
7493380,2103.468621383633
7465429,3999.2576941395387
7523785,1471.234988965229
7428544,2385.780721060704
7503109,1970.6887471427585
7469737,3144.630944541526
7472482,4061.1944838817753
7487980,4573.056062701793
7439632,3454.2093976398705
7510138,3878.018272089658
7497070,1810.6909702740065
7525984,4801.841573027097
7464283,2900.351592331105
7511611,4078.031684679171
7513777,4725.952711229601
7435444,3502.187817568719
7506094,2375.1912400723813
7500067,2892.9411056823687
7524025,4569.776802760319
7499116,2603.4049323814406
7467673,4529.139405193298
7456753,1711.972304371332
7470784,4158.555877352033
7466062,2162.811633868285
7431745,2269.450416246873
7452688,7082.873416302752
7492570,2099.1318426610187
7466695,1448.32696358675
7464145,5188.541087212968
7476262,2404.5571207064695
7437577,3592.7162055872586
7452685,300.9665933657235
7488148,3465.4454873834393
7448164,2719.083426840028
7514221,1973.2249366162657
7467985,1179.5940238664537
7477138,2892.425106244507
7489663,2111.0750908236496
7434895,2634.6800239014124
7438774,3596.568410220873
7475194,4503.780449303288
7474771,4127.040489276636
7465483,2398.0299316370365
7518538,7985.927158659501
7521247,2871.5031241082643
7474300,3800.4370867934617
7439131,4216.80417499854
7513294,3758.848510236626
7522654,3067.679362877084
7461748,4340.029787206633
7481863,1474.753920204134
7451827,5968.5465598822
7505320,3916.362960510595
7434295,2752.8334285032965
7507966,3137.716960612675
7485607,2440.5265866876916
7455466,3446.2061074961903
7483624,2852.5011685455797
7515949,966.4481849783311
7494055,3567.067728598233
7459183,2664.503658357771
7510525,2953.0240584913686
7524202,4097.568594945558
7512346,4380.452367743041
7439599,1801.0034345035942
7481245,4475.743914033812
7463218,8834.53607640789
7483912,3877.5337822180595
7442938,2713.0492715175596
7515106,3015.416619992733
7465087,2121.109656651318
7448440,5116.382330093919
7497847,5794.544982688783
7525471,2035.4365964809915
7470838,3429.040422299568
7489264,1471.1851340661738
7505842,1302.3358307430005
7506820,6737.792667852127
7481614,2113.163452212707
7489969,5832.802253203694
7438771,6213.387436924067
7452907,4982.812473135745
7459573,2941.711896551979
7445221,7108.142232443347
7487920,2537.417491090555
7511416,2784.1473220629105
7509133,2461.8037736907627
7456822,3950.001526620935
7442716,4117.635360541599
7503742,3066.343746730668
7477858,2891.319683418278
7520311,11001.642367830395
7451284,14345.856080707894
7513471,2379.2757245508174
7436845,1828.6228979385328
7501645,1762.810257718461
7500712,4495.528515091179
7506661,5123.554635444957
7490671,6475.657804126419
7519519,-356.22709755374945
7435630,4038.336775736831
7467490,3247.290067890357
7522810,3963.5585540868883
7487197,3210.9251108910616
7436827,2797.0444378289126
7503868,6669.202034586669
7434769,3638.2285150817506
7465216,6711.889371014141
7476214,3686.812178479771
7482364,2876.436979755781
7511794,3321.9128777604615
7461790,2239.3460135970695
7509712,3321.9777301564054
7524556,4080.161849504181
7477276,3433.4412506730237
7480111,10690.28061113014
7506979,3957.7827123154725
7489540,1974.5853960796562
7460761,1562.102307518112
7497799,4345.598747453809
7519357,3332.692635813907
7446781,2890.8803408865333
7521931,5923.1951729207885
7442446,2360.8100284075717
7526017,12754.897960550374
7526227,2751.1474964415297
7500271,2688.7677967338213
7442980,3059.4277423180984
7454191,4170.970692868892
7500406,3728.1063818154917
7514719,7475.702213419448
7471570,2889.636662244177
7430383,2671.189233094136
7431529,2892.8995972666025
7475266,5238.054700919337
7517662,2080.3111563661414
7435708,7467.446538929617
7477525,1628.258028812895
7465363,2371.5596217269567
7483630,831.8386012882584
7515253,1892.180737422834
7519042,3948.9202971948944
7439539,3676.347227911573
7517521,2288.861963273142
7479586,4055.8605529002225
7473133,3332.772016521996
7431163,3648.7260696845574
7449949,3592.6332211265844
7472311,4311.567005872471
7525873,4991.030246127153
7440148,2042.1276830279523
7467727,2228.8069697392366
7494973,7970.630890603997
7466899,4137.78415741918
7484836,1776.5894449351865
7456006,1420.1111435855787
7499083,1476.6023553434727
7490173,1799.6769355101324
7492489,4138.924099998694
7481455,2819.246141179534
7498921,-352.99314804081496
7433692,2226.290364940991
7438462,1476.6127473735928
7523335,3202.013445183454
7429408,2108.6727187876104
7429876,3860.246834665121
7446196,2363.852200570892
7518211,2235.409694848243
7459498,12892.88336945534
7472785,2235.2122703140576
7482649,3204.7299052150897
7491529,3653.4849130111425
7462873,2877.148726157967
7452418,1459.4641908659407
7449538,3677.813190873956
7518319,2989.2425539194883
7487644,7848.190917754347
7444405,4056.6165983389237
7508197,3642.8542937301086
7484155,2098.804882822598
7509571,2282.290840341861
7521991,6813.34282820044
7435540,5443.592739670422
7436296,4744.438142298052
7459036,1479.2789795287858
7443361,2882.5548409289445
7430575,5100.285311276595
7434400,1471.4106704012002
7447624,4691.795878508162
7451248,2762.0218927851033
7482433,4796.669592757139
7521343,4759.7236720449755
7478296,4863.652654377044
7495978,4181.84946449684
7430536,967.5473851128785
7493455,2633.631061238186
7431904,7255.893868639444
7511623,3967.4388141927025
7451521,4137.787804554473
7455463,3591.865509118203
7452544,8672.44872398004
7469263,4114.124327064577
7489939,2073.5800431447824
7506172,2295.5084087585374
7484968,2876.6702212430705
7449715,1490.2952302216572
7454941,2982.386140370951
7493239,2484.4910250055464
7446928,969.6385721025067
7515127,2273.9115469870226
7431142,2144.4816922754353
7448002,7880.6747085664165
7468069,2407.399944659506
7452475,4443.971853150862
7497559,2786.43859354088
7504873,2087.0421351871955
7488616,2899.928005055505
7482538,4262.797369091215
7509217,3490.5050951754715
7516060,2741.7567066684114
7471909,7401.845541307328
7456489,245.42341162512312
7441237,4895.860608211255
7517401,1477.951451515265
7468657,4686.7341972863305
7433497,2366.012958601299
7483792,4473.896953944884
7508839,2725.113017809669
7458001,2773.316195194561
7505812,4205.508158393181
7491070,4558.869414535535
7431439,1570.111055995805
7440301,3592.3825010164715
7511746,253.46567850366355
7508611,3333.0602504448975
7484074,1180.5657994037488
7485949,249.63177067056571
7526029,3747.7271225245545
7481713,4199.272680786452
7488730,3465.137333679589
7449262,4178.614709431964
7490971,2626.299883873084
7472710,3324.7093390893438
7508149,2878.9478813143674
7443700,2648.129576865482
7489975,11693.574756391368
7480816,2103.3024622736975
7449502,2804.1055326019714
7461181,4538.279060359633
7525393,3703.2184483847554
7434487,5781.179357009209
7436740,2356.038025362914
7431502,1499.6463344710537
7435336,2030.2234581938824
7467007,3067.3743561252227
7443589,2795.8383187453437
7483921,3073.414470154425
7502539,3171.222703616649
7492675,2157.2554087538347
7454830,1764.836024897788
7452034,1826.160575046608
7463671,1856.5407886151534
7477774,246.0241473251451
7464820,3354.1625732673474
7469320,2455.8669741757367
7449736,4510.225707891325
7433278,5652.239735442372
7458253,2302.1457895467283
7505065,6806.842443481801
7507093,2820.1280963104214
7519990,2760.324407796509
7434247,3465.7923659760127
7436188,3218.6275087961844
7448062,1882.4643916420464
7494886,2958.6276605401445
7490647,3435.8589548901637
7468009,5390.411333917088
7454500,3592.3829639013293
7488247,4904.347358820092
7465465,1471.125082506967
7437976,2195.2828051420365
7437037,2422.347172459935
7446838,2169.6255034203077
7498537,2656.601615354907
7493830,3544.9764119569104
7514377,3702.0792218514034
7522840,6011.70830494413
7495012,5463.298503439113
7448365,1829.7379814623332
7463026,247.03007904791272
7481914,4735.766254851694
7432321,3613.0447010179
7477588,3595.6630410791354
7437202,10192.753422267477
7508551,3465.6463195533124
7440619,2631.217010251019
7434040,3193.3943225955604
7508728,2237.6439762926075
7467958,1306.5379347213789
7433689,3159.766153749687
7439419,3860.959200851157
7495141,253.198399449348
7446475,2315.0980806771113
7485109,2916.367717830282
7453459,2963.5992961097945
7461274,5015.939194793914
7499473,6726.968280582203
7481797,3866.4447315548737
7450597,4246.822574659249
7498657,7042.770486833319
7485763,1471.1866260060524
7524034,6626.286504496459
7490692,2885.792684629865
7453003,4601.8784578826535
7470469,2364.9794794771224
7520332,2363.4313727160634
7522324,3299.6886516008517
7496092,6987.2754509974675
7474048,3717.877932378196
7503070,2358.4251958845816
7489270,2242.92426946024
7509064,3070.842353164523
7483708,3592.322730219911
7474189,3062.1702412708655
7498138,3463.2953689926717
7515859,4116.693044442272
7484998,1478.663643802327
7514293,2533.62287868137
7491829,9656.46513317886
7502305,4785.038197668532
7518412,2365.4648328783496
7447762,3857.7988377958977
7521163,2256.3052767694116
7457857,1765.3124154164839
7469341,3905.5552241953537
7524160,2098.800083525192
7485376,2440.1831992351144
7454284,3430.6980387491585
7516126,1632.4938481213203
7458013,2300.6077762703085
7518178,2906.702319080524
7490119,6300.566948122478
7468018,9758.03125089124
7453897,2551.419476601227
7446232,4208.075186599763
7508329,1989.9329843721941
7458697,2361.0442037560206
7476016,3920.8373813939475
7505419,1571.9171401322662
7504747,2887.5540750912915
7430893,7576.019247449414
7506253,2809.467870087657
7517908,2905.5317404196876
7501657,3311.8690737574425
7466245,2375.5133948464068
7489315,6324.893353961767
7490443,2361.0442037560206
7497805,3989.0217647825357
7441006,843.4405933789842
7504726,2838.781779764294
7508323,2481.223461977719
7516795,4217.019215886811
7480861,3467.908501879121
7450747,4170.595328893378
7457176,-351.1044421347276
7516396,4257.419570032389
7507573,1466.970634539085
7433860,1478.4100614754925
7436524,10614.488584471412
7523218,8367.937932914647
7503373,2361.956211041144
7437163,2704.137928402786
7449739,3333.3712951246052
7486345,3061.1713556892933
7480246,1787.0905126865136
7479829,4293.258667785344
7507189,2611.9749651708876
7437499,2327.869897960283
7460740,2882.5654205090013
7515685,3857.5396916663185
7482985,1474.5256576648158
7465408,4973.224606502192
7430722,2662.6562978908923
7490434,4114.392466379564
7508902,2835.993116352162
7444582,3517.951645263818
7471285,2730.137373163628
7459423,4132.671116607435
7494085,3169.529026207014
7521055,2630.3807462434625
7490920,4726.127238438682
7488130,4915.570970124612
7492573,2930.7757825695776
7449664,1474.9532297483538
7433848,1478.3908322318925
7447855,4379.027822304971
7523317,2904.1433358080017
7446292,2608.14081947414
7524538,2358.71715715239
7446994,6477.4956894885245
7489756,2024.656900869007
7452937,7674.939308129301
7477396,3069.582160196396
7505776,4976.143161689168
7432384,2366.0661448097726
7482253,2661.9791216770445
7466212,4848.617751069502
7508227,3925.465268073086
7503178,3670.9482706837325
7504813,3462.892379325351
7516942,3419.1830473789655
7495711,2812.672675041603
7465237,5790.144754712471
7432783,3554.180366354042
7442584,3206.915800358592
7456132,4861.13382933943
7491214,2181.8330155986387
7441603,2030.0084328354212
7497736,3633.9245678221396
7454623,3442.801370048282
7509088,2877.106676263874
7448482,6793.5722825346
7503208,7846.886558573475
7444165,2364.6528284598326
7471624,3458.547101515131
7522570,5207.223560704155
7491556,1245.6754324453457
7488070,2168.0209449104223
7436179,4979.7571541885
7451584,2377.874540912734
7477009,1478.663643802327
7508563,6802.516296700033
7483669,4248.303403599923
7492837,1759.4246892079614
7462426,2302.128961239845
7485082,2895.8005625872747
7509790,3786.6517598611613
7431031,2555.337465286464
7492345,3200.7211505966175
7454107,7253.989949283621
7478857,4812.580043895328
7506640,3811.701791715645
7504849,2351.905775294953
7487050,1959.8957201923042
7452199,2962.009955084033
7440166,7496.663987895383
7432810,2108.1473906841115
7472818,1567.7691392789156
7492552,3316.940409348936
7456408,3672.642049437709
7440865,2531.8355758929906
7442659,4226.352031094451
7435975,3526.8668156567433
7457128,3363.310915183905
7482250,3744.889923443503
7500328,2891.4995073394075
7440262,7019.84024112733
7461130,3278.321938947329
7430806,3343.512203709308
7492159,3385.4156776532022
7436140,3267.609025011106
7480918,2292.3706372229435
7508749,2292.345949962323
7504651,4326.180651095101
7491190,2756.5790871638724
7525249,2882.5325346805007
7442839,3540.4845408486995
7516561,2922.856675626047
7469557,3187.947857838798
7496038,5683.039375256075
7526026,3750.3788643809194
7491520,3889.4899382276208
7451614,3298.565153578836
7459657,6213.712203404823
7433395,226.8890462746137
7454104,5123.554635444957
7523749,2616.393026524935
7466050,831.8386012882584
7442167,5597.847377324667
7431097,2045.5676019548507
7523533,4143.315441927027
7468174,3196.5016975957283
7476607,3598.221757529315
7498141,2234.85908529096
7440079,2367.2772732663257
7454971,1707.1950638485102
7491964,1465.5520835018865
7489210,2895.8005625872747
7471423,5783.651412675469
7446445,3088.3696714617736
7466437,3677.230392715303
7469446,-361.66424806609723
7472539,3921.66300788512
7489636,2531.712011621704
7436953,4458.7433488960105
7462984,3030.6943139828204
7469494,2507.7791055187927
7509940,255.2566567826171
7505251,2633.6112562972994
7455964,2611.282906468884
7475440,5783.321537438573
7457350,9222.128975680527
7436218,2196.0106836598698
7523467,2228.7657195566517
7428844,3206.50274507745
7463632,2743.476835237591
7445488,3595.4872471244103
7437646,2195.2828051420365
7446163,20104.910450117342
7452166,4473.745704667823
7523221,8352.027481776458
7454029,4444.516101758965
7505278,1483.8048810088285
7474099,7166.935087833372
7460383,256.9433817900408
7525030,4744.255497232706
7472509,7169.4367578876945
7476958,3215.249313911492
7468699,1453.7960801180695
7460746,2887.5540750912915
7518055,3435.6041970745073
7484161,2396.656024323037
7493467,2915.46310662928
7501597,4169.161051684214
7472062,3623.76009887076
7454905,2343.3197046531404
7458187,4404.718966816557
7514581,2497.487697669225
7453900,3195.8932059499452
7514929,2953.0240584913686
7488637,7371.201667078246
7497526,3101.9930852090265
7469866,3078.7614594070988
7524247,4509.691340566602
7510126,7544.829716605311
7468576,239.6633031613643
7481887,6332.643081885999
7449844,3870.1646126336263
7500823,1455.4538735225901
7499077,244.40091932979396
7470445,1505.438429457136
7508377,3462.8987692026076
7503613,1044.6530871649375
7524172,4300.960583489916
7447291,2601.4862011645223
7441978,3063.860612517384
7501771,3193.3941677930643
7485010,8133.112223764116
7457512,2086.7614690340733
7453360,2083.5365037053016
7441348,6835.6468315347465
7497184,3142.0883246588996
7487035,2877.0489368583876
7463245,2932.4506674376344
7452193,4406.341248252309
7438753,1989.481576295576
7431475,3043.084867533882
7481764,2601.7824762290434
7437847,240.04779921682706
7466821,2349.0809460004893
7489267,4210.8480704096655
7463329,3786.6517598611613
7503115,2896.037786668299
7497019,4121.615492450004
7493002,3467.497825522793
7443706,5032.2440415617175
7494271,4451.397490223922
7437712,239.27762085620293
7487143,2924.043842909532
7448224,2638.3962092286392
7449832,3863.554740570546
7463416,1756.2268721572816
7487776,2506.4634700985976
7468792,2500.5972484715603
7494199,2303.634505570235
7495126,5699.824856560129
7464235,2102.3951663504795
7448470,3110.553372792349
7490527,1759.447085627768
7478488,247.98855689210737
7525504,1651.1362231589262
7448554,1827.8719493834296
7499347,2632.6203637456983
7450867,4063.547988608934
7470181,2295.429890547768
7441519,8400.824389433077
7498396,3172.0384053916473
7516558,17469.98273387086
7460104,1953.3828093271584
7500889,3486.656428701401
7495579,4531.607585334522
7482472,4126.428185897561
7495174,4186.24667417402
7503853,2772.023750135978
7468912,6424.215256439031
7516039,2269.4418356746337
7482397,239.9627306539261
7495543,1196.7553264367987
7450870,5325.930985138847
7451914,4013.4379573181013
7495486,1825.2679772809793
7518475,3933.1366640204933
7503757,1670.6703872710114
7512511,1901.8158185366733
7466734,2751.1458146952536
7503250,-356.3148639058662
7453153,4189.796949817482
7500199,1478.488142189225
7474471,2351.914254411742
7430959,7331.781887416885
7463500,1833.756723836843
7474297,4927.427375748554
7498321,3938.2572343357656
7476460,3457.463646942593
7432105,3889.4899382276208
7517425,2104.7577285313882
7524307,2285.0751808427667
7445776,2402.2304919199787
7454386,7479.911602354049
7491460,1327.902444363285
7453483,6558.847229248432
7518838,3729.7361857070878
7523659,2821.4177654519144
7461370,3911.7066923459843
7456471,2089.046349024218
7525963,6613.457688113624
7503079,1086.1668126297002
7441291,2958.4098079102405
7448179,1752.1992600414978
7493686,-406.8977217721575
7499827,225.08837581250742
7505092,1658.4080358497981
7436116,4408.254974328274
7487260,2134.6978530012425
7498936,2364.958965915195
7461175,3391.489354324843
7517689,1470.4518221184553
7443973,3463.0635282424814
7449622,2531.712011621704
7479568,3069.5366902517744
7450504,1972.1742516677946
7431697,2064.906856821506
7476478,3842.7756978492716
7454929,2356.594558231801
7483219,3740.0134759913913
7474993,6010.497413449972
7454722,2252.0905927703593
7493689,249.6117542095952
7488829,1474.5581509511387
7443046,2442.8661179423843
7525591,4390.594765131382
7444123,5452.075893970785
7458052,3723.11509018156
7433866,3959.168310373349
7517149,1370.4449750631516
7453678,3350.865287469943
7440292,9932.25243093018
7495216,7012.224770663229
7430887,7320.868190251307
7429816,2440.836221127456
7470055,3748.9678012475383
7445572,1475.2071623692655
7511560,3476.86299279754
7435423,2173.8640587057416
7429180,4153.8565053643715
7495264,6322.3718376535535
7469086,3413.110952141976
7513813,2368.417182842385
7493014,3062.183199599158
7467061,4117.13409207
7510135,2621.5811055271834
7439830,2629.430312217104
7505041,2675.344274610318
7482367,2888.596173251292
7474042,3961.838183163769
7453120,3583.6350746388293
7469299,704.4286698019679
7445683,2894.5036411425262
7433998,2095.799605212651
7442350,1785.9382953804075
7487272,3430.697357722146
7445338,3197.7213318666586
7488982,2289.7720092869195
7434265,2651.1479261847876
7473706,4180.3785031892
7514155,1469.0527072425539
7510333,2630.483726114306
7486096,1763.0027212432542
7498756,4117.1717610543255
7469701,4155.985770997537
7445779,4224.48197016952
7447246,2766.8323539846397
7502620,1792.22999678594
7434937,3039.1260972050472
7505197,5814.138348935144
7453441,2898.8196781372517
7513009,1507.3678152133562
7512805,3700.683731043998
7517587,1954.4521044447195
7439968,6481.664353224064
7476025,4320.374672231002
7451410,3062.271281588394
7493779,1472.940581386641
7474525,254.03683566424965
7507738,3228.8829045477455
7443274,1341.8207661127226
